2021-02-15, 13:59:05, 30000000, 32500000, 19531.25, 128, -39.64, -39.42, -39.91, -39.65, -38.16, -38.67, -38.29, -38.03, -38.36, -37.07, -37.35, -37.26, -37.18, -36.84, -36.41, -35.71, -35.42, -35.71, -35.47, -35.39, -35.56, -35.27, -34.69, -35.15, -35.51, -35.04, -34.98, -35.09, -34.70, -34.66, -35.12, -35.17, -35.72, -35.37, -34.94, -35.04, -34.83, -34.35, -35.11, -34.72, -35.51, -35.25, -35.11, -34.94, -35.33, -35.31, -34.91, -34.58, -35.09, -35.16, -35.07, -34.98, -35.02, -34.65, -34.73, -35.27, -35.22, -34.57, -34.75, -34.82, -34.63, -34.44, -34.07, -34.14, -34.65, -34.65, -34.88, -33.64, -34.29, -35.06, -33.79, -34.76, -34.37, -34.91, -35.04, -35.57, -34.66, -34.25, -34.42, -35.08, -34.79, -36.07, -35.91, -34.49, -35.34, -34.81, -35.43, -35.47, -35.13, -34.92, -35.39, -35.21, -35.35, -35.58, -35.77, -34.57, -34.73, -35.11, -34.95, -35.61, -34.60, -34.82, -35.79, -34.87, -34.87, -35.08, -35.28, -34.61, -35.57, -35.63, -35.25, -36.84, -35.86, -36.42, -36.07, -36.08, -37.70, -37.12, -37.17, -37.95, -38.73, -38.61, -38.77, -39.00, -39.30, -39.72, -38.99, -39.41, -39.41
2021-02-15, 13:59:05, 32500000, 35000000, 19531.25, 128, -40.31, -40.38, -40.17, -39.74, -38.88, -38.77, -38.95, -38.32, -38.13, -38.00, -37.01, -37.18, -37.47, -36.49, -36.13, -36.11, -35.98, -36.30, -35.80, -35.30, -35.16, -34.95, -35.49, -35.36, -35.08, -34.76, -35.34, -35.08, -34.46, -35.20, -35.13, -35.79, -34.80, -35.66, -35.17, -35.37, -35.14, -36.14, -34.97, -35.43, -35.27, -35.26, -35.56, -35.22, -35.45, -35.06, -34.75, -35.51, -36.07, -35.42, -35.43, -35.26, -35.65, -35.98, -35.52, -35.77, -36.04, -34.58, -35.25, -35.60, -34.63, -35.30, -34.64, -35.18, -34.43, -34.43, -35.84, -34.64, -35.61, -34.94, -35.91, -35.61, -35.49, -35.86, -35.07, -35.83, -34.96, -35.14, -34.75, -35.47, -35.94, -35.76, -35.63, -35.35, -35.39, -35.26, -35.23, -35.64, -36.21, -35.09, -35.89, -34.87, -36.12, -35.59, -35.09, -35.70, -35.38, -35.19, -35.46, -35.18, -35.90, -34.74, -35.40, -35.26, -35.17, -35.30, -35.77, -35.11, -35.98, -35.59, -35.60, -36.06, -36.76, -36.26, -36.27, -37.44, -36.88, -36.80, -38.63, -37.84, -38.58, -38.06, -39.43, -39.39, -40.15, -39.95, -39.83, -39.74, -39.74
2021-02-15, 13:59:05, 35000000, 37500000, 19531.25, 128, -40.39, -41.16, -40.07, -39.47, -39.38, -39.00, -39.37, -39.32, -39.33, -38.94, -37.70, -37.61, -37.23, -37.03, -36.35, -36.27, -37.07, -36.68, -36.57, -35.97, -35.65, -35.93, -35.79, -35.44, -34.89, -36.09, -35.91, -36.61, -36.00, -35.42, -34.87, -36.00, -35.44, -36.17, -36.15, -35.71, -35.46, -35.47, -36.33, -36.29, -36.17, -36.16, -35.65, -35.57, -35.69, -36.85, -35.75, -36.01, -35.97, -35.35, -35.60, -35.92, -35.42, -35.70, -36.21, -35.18, -36.22, -35.01, -35.02, -36.02, -34.67, -35.40, -35.29, -34.86, -35.70, -35.70, -35.37, -35.87, -35.25, -35.32, -35.47, -35.86, -36.01, -35.69, -36.02, -35.02, -35.61, -36.30, -35.76, -35.59, -36.29, -35.74, -36.35, -36.38, -35.96, -36.47, -35.96, -35.85, -35.85, -35.84, -36.02, -36.38, -35.90, -36.10, -35.71, -36.16, -35.89, -35.71, -35.52, -35.88, -35.22, -35.85, -34.61, -36.01, -35.44, -35.86, -36.30, -36.67, -36.29, -36.31, -36.68, -36.65, -36.82, -36.78, -38.09, -36.84, -37.47, -37.88, -38.38, -38.54, -38.77, -38.79, -39.03, -39.53, -39.76, -39.91, -40.19, -40.51, -40.51
2021-02-15, 13:59:05, 37500000, 40000000, 19531.25, 128, -40.30, -41.25, -41.19, -40.29, -39.95, -39.37, -39.94, -39.20, -39.06, -38.32, -37.59, -37.79, -37.77, -37.53, -36.84, -36.90, -36.42, -36.64, -36.15, -36.11, -36.22, -35.94, -36.03, -35.88, -36.02, -35.80, -35.51, -35.33, -36.21, -36.14, -35.49, -36.61, -35.74, -36.12, -35.88, -36.39, -35.80, -36.31, -36.29, -36.50, -36.16, -36.12, -36.08, -36.18, -35.95, -35.29, -36.89, -35.96, -36.26, -35.52, -36.40, -35.64, -35.83, -36.24, -36.50, -35.49, -36.51, -35.71, -35.85, -35.58, -35.58, -35.49, -35.58, -35.44, -36.44, -36.44, -36.15, -36.08, -35.35, -35.94, -35.74, -35.25, -35.53, -35.17, -35.86, -35.81, -35.32, -36.05, -35.80, -37.33, -36.16, -36.63, -36.34, -36.01, -36.47, -36.39, -36.48, -36.06, -36.15, -36.65, -36.84, -36.75, -36.05, -36.80, -36.35, -36.17, -35.66, -36.35, -35.99, -36.33, -35.92, -36.58, -36.04, -35.80, -36.15, -35.93, -35.95, -35.96, -36.45, -36.75, -36.77, -36.94, -37.32, -38.42, -36.87, -37.86, -36.92, -37.80, -38.51, -39.12, -39.44, -39.19, -39.43, -40.55, -40.49, -40.36, -41.13, -40.47, -40.47
2021-02-15, 13:59:05, 40000000, 42500000, 19531.25, 128, -41.03, -40.59, -41.66, -40.55, -40.51, -39.48, -40.13, -39.94, -39.37, -37.94, -38.73, -38.26, -38.13, -37.85, -37.05, -36.70, -37.36, -36.57, -37.39, -36.29, -35.82, -36.10, -36.12, -36.27, -36.66, -35.74, -35.42, -35.98, -36.11, -36.54, -35.41, -35.68, -36.42, -37.28, -36.69, -35.88, -36.64, -37.26, -36.14, -35.90, -36.17, -36.34, -36.52, -36.31, -35.98, -37.24, -35.82, -36.87, -35.81, -36.72, -36.41, -36.35, -36.35, -36.12, -35.92, -36.44, -36.36, -36.10, -36.57, -36.46, -36.36, -36.03, -36.48, -35.98, -36.13, -36.13, -35.58, -35.72, -35.77, -36.40, -36.54, -35.88, -36.77, -36.15, -36.94, -35.80, -36.32, -36.20, -36.40, -36.30, -36.47, -36.56, -36.34, -36.68, -36.71, -37.27, -36.23, -36.76, -36.98, -36.96, -36.32, -36.52, -36.19, -36.44, -36.07, -36.47, -36.70, -36.75, -35.46, -36.43, -36.63, -36.82, -36.14, -35.10, -36.44, -36.66, -36.31, -37.07, -37.04, -37.21, -37.08, -36.36, -36.71, -37.34, -37.35, -38.37, -37.97, -38.40, -38.54, -39.74, -39.44, -38.81, -39.40, -40.96, -40.69, -41.27, -40.58, -40.92, -40.92
2021-02-15, 13:59:05, 42500000, 45000000, 19531.25, 128, -40.93, -40.70, -41.31, -40.64, -40.52, -40.76, -40.05, -39.09, -39.47, -38.63, -37.85, -38.91, -38.41, -37.31, -37.94, -37.09, -37.50, -36.18, -37.43, -37.33, -36.25, -37.35, -36.20, -36.07, -36.08, -37.22, -35.75, -36.47, -36.86, -36.11, -36.62, -37.06, -36.73, -36.70, -36.46, -36.62, -36.11, -36.64, -37.15, -36.10, -37.12, -36.93, -36.03, -36.71, -37.03, -36.96, -36.17, -35.98, -35.80, -36.62, -36.02, -36.94, -35.94, -35.73, -37.22, -36.23, -36.67, -36.96, -36.18, -36.69, -35.95, -36.36, -36.84, -37.11, -36.33, -36.33, -35.87, -36.51, -36.33, -36.42, -35.94, -36.14, -36.66, -36.60, -36.93, -36.24, -37.55, -37.01, -36.64, -36.04, -36.48, -36.50, -37.41, -37.18, -36.82, -36.15, -36.54, -37.26, -37.14, -36.39, -36.56, -36.65, -36.90, -36.80, -36.74, -36.60, -36.60, -37.56, -37.60, -35.84, -36.96, -36.65, -37.03, -36.72, -36.56, -37.23, -36.96, -36.63, -36.98, -37.11, -37.88, -37.25, -37.13, -37.79, -37.02, -38.69, -37.57, -38.73, -38.77, -39.29, -40.03, -39.57, -39.78, -40.40, -40.90, -40.80, -41.69, -41.42, -41.42
2021-02-15, 13:59:05, 45000000, 47500000, 19531.25, 128, -41.05, -40.54, -41.00, -40.91, -40.07, -40.08, -40.39, -39.39, -39.43, -39.03, -39.10, -38.65, -37.89, -38.00, -38.50, -37.14, -37.11, -36.80, -37.17, -37.32, -37.40, -36.92, -37.04, -36.94, -36.86, -37.12, -36.88, -36.37, -36.97, -36.71, -37.40, -36.89, -36.88, -37.27, -36.86, -36.97, -37.00, -37.36, -37.28, -36.55, -36.73, -36.69, -36.10, -36.75, -36.72, -37.27, -36.90, -37.58, -36.36, -37.05, -36.79, -36.72, -36.61, -36.54, -37.07, -36.90, -35.93, -36.50, -37.02, -36.27, -36.73, -36.76, -36.35, -35.37, -36.31, -36.31, -36.25, -36.59, -37.24, -36.61, -36.92, -36.55, -37.06, -37.22, -36.54, -36.78, -36.40, -36.89, -37.31, -37.20, -36.90, -36.90, -37.24, -37.31, -36.72, -37.43, -36.38, -36.48, -37.67, -37.15, -36.46, -36.62, -36.73, -36.88, -37.27, -37.09, -37.36, -36.77, -37.35, -36.91, -36.71, -36.97, -37.11, -36.89, -36.40, -37.10, -36.85, -37.55, -36.71, -36.66, -36.99, -37.35, -37.80, -38.00, -37.84, -38.25, -38.83, -38.54, -39.10, -39.54, -39.57, -40.20, -40.14, -41.21, -40.55, -40.65, -41.16, -40.80, -40.80
2021-02-15, 13:59:05, 47500000, 50000000, 19531.25, 128, -41.18, -41.00, -41.24, -40.66, -40.16, -39.92, -39.73, -39.36, -39.54, -39.28, -39.46, -38.92, -38.36, -38.90, -37.30, -38.25, -37.67, -37.34, -36.68, -37.65, -37.09, -37.54, -37.39, -36.86, -36.73, -37.19, -36.16, -35.78, -36.79, -37.01, -36.70, -36.14, -37.37, -36.39, -37.19, -36.95, -36.22, -37.54, -36.77, -37.27, -37.47, -37.20, -37.10, -36.89, -36.79, -37.03, -36.71, -37.37, -36.85, -36.67, -36.47, -36.93, -36.88, -36.68, -36.84, -37.48, -36.29, -36.64, -36.11, -36.49, -36.79, -35.95, -36.07, -36.84, -37.10, -37.10, -36.75, -36.68, -36.46, -35.65, -36.34, -37.01, -36.60, -37.45, -36.98, -37.42, -36.38, -37.13, -36.94, -36.91, -37.31, -36.68, -38.23, -36.69, -36.39, -36.58, -37.03, -36.40, -37.79, -36.52, -36.66, -37.26, -36.69, -37.53, -36.88, -37.15, -36.45, -36.70, -36.90, -36.63, -37.48, -36.15, -36.44, -37.10, -36.95, -37.24, -36.58, -36.67, -37.21, -37.22, -37.67, -37.15, -37.31, -37.85, -37.83, -38.31, -38.60, -38.71, -38.94, -39.24, -39.68, -40.24, -40.06, -40.63, -41.77, -41.28, -41.38, -41.35, -41.35
2021-02-15, 13:59:06, 30000000, 32500000, 19531.25, 128, -39.73, -39.56, -39.24, -39.72, -39.76, -38.87, -38.57, -37.66, -38.45, -37.47, -37.20, -36.74, -36.88, -36.08, -35.57, -35.88, -35.52, -35.64, -35.52, -35.26, -35.48, -35.28, -35.41, -34.85, -35.05, -35.30, -34.69, -35.34, -34.98, -34.01, -34.99, -34.87, -35.21, -35.94, -34.65, -34.79, -34.87, -34.82, -35.52, -35.41, -35.13, -35.70, -35.09, -34.98, -35.18, -34.61, -35.04, -35.47, -35.44, -35.02, -35.06, -34.55, -34.33, -34.54, -34.61, -34.54, -35.03, -34.76, -35.07, -34.87, -34.85, -34.15, -34.53, -35.09, -33.90, -33.90, -35.17, -33.82, -35.04, -35.02, -35.19, -34.95, -34.59, -34.46, -34.58, -35.60, -34.76, -34.53, -35.11, -35.22, -34.50, -35.64, -35.70, -35.46, -35.13, -34.82, -34.36, -35.99, -35.25, -35.56, -35.56, -35.06, -35.32, -34.67, -35.67, -34.76, -34.97, -34.98, -35.10, -35.93, -34.88, -34.49, -34.68, -34.45, -35.36, -35.11, -35.19, -36.19, -34.68, -35.42, -35.48, -35.34, -35.48, -35.91, -36.73, -36.17, -36.70, -37.05, -37.41, -37.28, -37.88, -38.61, -38.75, -39.14, -39.02, -39.87, -39.98, -39.63, -39.63
2021-02-15, 13:59:06, 32500000, 35000000, 19531.25, 128, -39.53, -40.85, -39.71, -39.46, -39.51, -39.49, -39.07, -38.63, -39.10, -37.27, -37.90, -37.25, -37.78, -36.83, -36.90, -36.16, -36.16, -35.68, -35.31, -35.25, -35.08, -35.63, -34.91, -35.15, -35.01, -34.98, -35.04, -35.23, -34.78, -35.36, -35.33, -35.86, -34.87, -35.47, -35.30, -35.83, -35.59, -34.95, -35.74, -35.66, -35.37, -35.55, -35.93, -35.56, -35.32, -34.93, -36.46, -35.50, -35.52, -35.43, -35.16, -35.49, -35.71, -34.97, -35.55, -34.83, -35.29, -34.74, -35.44, -35.37, -34.86, -35.68, -35.56, -35.56, -35.18, -35.18, -35.24, -35.25, -35.35, -34.58, -35.18, -34.81, -35.21, -35.72, -35.06, -34.81, -35.41, -34.76, -35.45, -35.64, -35.72, -35.91, -35.61, -35.37, -35.45, -35.66, -35.40, -35.47, -35.55, -35.62, -35.25, -35.96, -35.41, -34.93, -36.35, -35.97, -35.41, -35.54, -35.29, -34.90, -34.60, -35.04, -35.46, -35.39, -35.45, -35.46, -35.62, -35.26, -35.30, -36.07, -35.36, -36.21, -36.96, -36.86, -36.64, -37.07, -36.95, -38.19, -38.20, -37.50, -39.01, -38.48, -38.15, -39.53, -38.97, -39.67, -40.21, -40.22, -40.22
2021-02-15, 13:59:06, 35000000, 37500000, 19531.25, 128, -40.16, -40.08, -40.37, -40.02, -39.13, -39.36, -39.18, -39.16, -38.68, -38.27, -38.53, -37.90, -36.93, -37.20, -36.94, -37.40, -36.84, -35.68, -35.76, -35.99, -35.57, -35.41, -35.69, -35.71, -35.89, -35.17, -34.65, -35.76, -35.15, -35.56, -36.71, -35.77, -36.23, -35.71, -35.32, -35.88, -35.68, -35.49, -36.81, -36.16, -35.61, -35.34, -35.84, -35.71, -36.48, -35.90, -34.99, -36.22, -35.84, -36.72, -36.31, -35.10, -35.78, -36.02, -35.86, -35.84, -35.92, -35.69, -35.55, -35.52, -34.89, -35.18, -35.60, -36.03, -35.43, -35.43, -36.08, -35.09, -35.33, -35.29, -35.17, -35.56, -35.16, -36.16, -35.11, -34.96, -36.24, -35.80, -35.89, -35.49, -35.45, -35.97, -35.66, -35.70, -36.36, -36.18, -36.45, -36.16, -35.74, -36.20, -35.88, -35.55, -35.81, -36.25, -35.94, -36.24, -35.36, -36.51, -35.72, -36.23, -35.51, -36.05, -36.12, -36.42, -36.14, -35.50, -36.77, -35.73, -36.31, -35.85, -36.76, -37.02, -36.47, -36.54, -36.99, -37.05, -36.91, -38.21, -38.39, -38.95, -39.21, -39.39, -39.63, -39.12, -39.95, -39.93, -39.70, -40.36, -40.36
2021-02-15, 13:59:06, 37500000, 40000000, 19531.25, 128, -40.91, -40.65, -40.57, -40.26, -39.52, -39.87, -39.39, -39.13, -38.85, -38.29, -38.50, -37.51, -37.51, -37.79, -37.36, -37.32, -36.59, -36.45, -36.65, -36.68, -36.21, -36.97, -36.70, -36.40, -36.26, -35.61, -35.23, -36.24, -35.64, -36.04, -36.31, -36.53, -35.49, -35.92, -35.69, -35.77, -35.93, -35.70, -36.01, -35.87, -36.12, -36.63, -36.57, -36.32, -36.19, -36.29, -36.57, -36.31, -36.45, -36.13, -36.71, -35.96, -35.40, -35.68, -35.80, -36.14, -35.71, -35.57, -35.53, -36.01, -35.99, -35.36, -35.57, -36.23, -35.67, -35.67, -36.35, -35.45, -36.26, -35.60, -36.17, -35.88, -35.40, -36.34, -36.14, -35.98, -36.41, -36.36, -36.03, -35.98, -36.04, -36.24, -36.79, -36.30, -36.44, -35.74, -36.41, -35.50, -36.24, -36.75, -36.85, -36.11, -36.24, -35.99, -35.79, -35.92, -36.48, -35.64, -36.66, -36.17, -35.93, -35.39, -35.92, -36.36, -35.78, -36.45, -36.40, -36.53, -36.44, -36.78, -36.37, -37.15, -37.22, -36.94, -37.63, -37.46, -38.20, -38.11, -38.14, -38.30, -39.08, -38.93, -40.16, -40.02, -39.74, -40.31, -40.24, -40.93, -40.93
2021-02-15, 13:59:06, 40000000, 42500000, 19531.25, 128, -41.57, -40.54, -41.18, -40.63, -39.94, -40.19, -39.22, -40.60, -38.63, -38.86, -37.74, -38.36, -38.10, -37.67, -37.94, -36.92, -36.23, -37.42, -36.80, -36.98, -36.86, -36.49, -36.63, -36.40, -35.77, -35.73, -36.41, -35.99, -35.86, -35.56, -36.14, -36.62, -36.57, -36.64, -36.30, -36.54, -37.15, -36.80, -36.30, -36.72, -36.58, -36.82, -36.99, -36.42, -35.91, -36.60, -36.91, -36.60, -36.52, -36.34, -35.93, -36.47, -35.63, -36.06, -37.23, -36.14, -35.95, -36.09, -35.90, -36.44, -35.54, -35.82, -36.27, -36.25, -37.18, -37.18, -36.22, -35.98, -36.30, -36.11, -36.91, -35.71, -35.65, -35.82, -36.86, -36.46, -36.47, -36.32, -36.02, -36.89, -37.22, -36.62, -36.65, -36.95, -36.23, -36.44, -36.23, -36.15, -36.85, -36.97, -36.80, -36.37, -36.73, -37.19, -36.55, -36.50, -36.55, -36.45, -36.70, -36.18, -36.44, -36.48, -37.11, -37.13, -36.51, -36.47, -36.51, -36.66, -36.08, -36.63, -36.98, -37.27, -36.96, -37.29, -37.66, -38.15, -38.21, -38.13, -38.09, -39.10, -39.75, -39.76, -39.99, -39.68, -39.82, -40.86, -40.15, -41.16, -41.16
2021-02-15, 13:59:06, 42500000, 45000000, 19531.25, 128, -40.84, -41.08, -40.25, -40.66, -40.81, -40.56, -39.62, -40.03, -39.30, -38.45, -38.25, -38.44, -37.62, -38.77, -37.86, -37.45, -36.59, -35.90, -36.65, -37.67, -36.76, -37.39, -36.33, -36.37, -36.07, -36.02, -36.95, -36.89, -36.51, -36.57, -36.77, -36.19, -36.65, -36.54, -36.78, -36.92, -36.03, -35.97, -35.99, -36.36, -36.74, -37.28, -37.17, -36.52, -36.92, -36.16, -36.65, -37.29, -36.54, -37.09, -36.02, -36.28, -36.45, -36.47, -36.27, -36.98, -36.45, -36.24, -36.02, -35.91, -37.48, -36.10, -36.50, -36.32, -36.23, -36.23, -36.42, -36.08, -36.14, -36.72, -36.42, -36.64, -36.36, -36.69, -35.68, -36.63, -36.84, -36.46, -36.47, -36.66, -37.11, -36.79, -37.24, -37.09, -37.01, -36.65, -36.76, -36.59, -36.49, -37.84, -37.59, -36.53, -36.54, -35.59, -36.81, -37.37, -37.00, -36.24, -36.47, -36.46, -36.03, -36.88, -36.25, -36.56, -36.90, -36.67, -36.46, -36.57, -36.42, -37.03, -37.00, -36.96, -37.22, -37.17, -37.20, -38.02, -38.65, -38.78, -38.28, -39.00, -39.30, -40.06, -39.80, -40.63, -40.38, -40.05, -40.92, -40.67, -40.67
2021-02-15, 13:59:06, 45000000, 47500000, 19531.25, 128, -40.63, -40.30, -40.31, -41.09, -40.74, -40.80, -39.53, -40.16, -39.16, -39.29, -38.45, -38.72, -38.81, -38.07, -37.69, -37.77, -37.68, -37.33, -37.20, -36.85, -36.42, -37.34, -37.33, -36.43, -36.57, -36.52, -36.90, -36.31, -36.91, -36.80, -36.50, -38.03, -36.45, -36.58, -37.10, -37.09, -36.98, -36.78, -36.38, -36.33, -37.34, -37.39, -36.73, -37.76, -36.96, -37.14, -37.34, -37.15, -36.98, -37.57, -37.48, -36.41, -36.46, -36.32, -36.61, -36.59, -36.16, -35.93, -36.98, -36.35, -36.43, -36.87, -36.87, -36.13, -37.23, -37.23, -36.65, -36.16, -36.18, -36.73, -37.41, -35.77, -36.09, -36.61, -36.59, -36.67, -36.70, -36.69, -36.54, -36.59, -36.48, -37.10, -36.60, -36.97, -37.52, -36.45, -37.06, -37.18, -37.07, -37.12, -36.22, -36.99, -36.47, -37.50, -36.50, -36.48, -36.52, -37.79, -36.51, -36.47, -36.55, -37.55, -37.11, -36.87, -37.40, -37.56, -36.56, -37.27, -37.18, -36.33, -37.60, -37.67, -38.10, -38.68, -38.23, -38.45, -38.61, -38.83, -39.20, -39.27, -39.81, -40.41, -40.29, -40.58, -40.13, -40.86, -40.83, -41.10, -41.10
2021-02-15, 13:59:06, 47500000, 50000000, 19531.25, 128, -41.37, -40.74, -41.35, -40.50, -41.08, -40.16, -40.15, -40.21, -39.98, -38.82, -38.85, -38.95, -38.26, -38.70, -37.66, -37.43, -38.05, -37.37, -37.01, -37.74, -37.67, -37.21, -36.42, -36.11, -36.61, -36.06, -36.60, -36.39, -36.20, -36.64, -37.29, -36.91, -37.04, -37.14, -37.15, -36.62, -36.50, -37.17, -36.79, -36.43, -37.43, -37.14, -36.86, -36.47, -37.29, -36.80, -36.87, -37.13, -37.24, -36.89, -37.04, -36.99, -36.64, -36.98, -36.46, -36.23, -36.50, -36.92, -36.40, -37.30, -36.75, -36.86, -36.52, -36.29, -36.54, -36.54, -36.72, -37.13, -36.42, -36.99, -36.37, -36.89, -36.64, -36.81, -36.62, -36.66, -36.80, -37.05, -36.91, -36.95, -36.59, -38.56, -36.59, -37.08, -37.36, -37.19, -36.87, -38.40, -36.61, -36.59, -36.87, -37.82, -37.38, -37.01, -37.38, -36.77, -36.61, -37.44, -36.56, -37.00, -36.94, -37.55, -37.63, -37.55, -37.23, -35.89, -37.19, -36.76, -37.20, -37.38, -37.24, -37.31, -38.10, -37.51, -38.20, -38.15, -38.39, -38.73, -39.30, -40.08, -39.78, -39.13, -40.01, -40.04, -40.95, -40.26, -40.99, -41.66, -41.66
2021-02-15, 13:59:07, 30000000, 32500000, 19531.25, 128, -39.47, -39.66, -40.24, -40.13, -38.94, -39.16, -38.80, -38.24, -38.56, -37.62, -37.26, -36.98, -36.73, -36.19, -36.56, -35.69, -36.10, -35.79, -34.99, -35.47, -35.01, -34.66, -34.63, -34.41, -35.44, -34.29, -34.79, -34.44, -34.07, -34.61, -35.14, -35.30, -34.92, -34.16, -34.59, -35.75, -34.06, -34.95, -34.93, -35.59, -35.29, -35.23, -35.10, -35.07, -35.78, -34.78, -35.18, -35.21, -35.06, -35.02, -35.01, -34.65, -34.57, -34.35, -34.40, -35.21, -34.82, -34.37, -35.15, -34.57, -34.24, -35.50, -34.50, -35.00, -34.89, -34.89, -34.55, -35.34, -34.14, -34.24, -34.22, -35.28, -34.98, -34.74, -34.50, -35.25, -34.78, -35.04, -35.56, -35.43, -35.00, -35.01, -35.29, -35.55, -34.69, -35.85, -35.34, -35.00, -35.08, -34.90, -35.68, -36.12, -35.21, -35.45, -34.64, -35.05, -34.82, -35.91, -34.29, -34.75, -34.91, -35.57, -35.24, -34.61, -34.31, -34.89, -35.49, -35.73, -35.78, -35.46, -35.12, -35.33, -36.03, -35.78, -36.20, -37.12, -36.58, -37.12, -38.06, -38.23, -38.30, -38.57, -38.62, -39.15, -38.82, -39.11, -39.20, -39.46, -39.46
2021-02-15, 13:59:07, 32500000, 35000000, 19531.25, 128, -39.44, -40.54, -39.33, -39.59, -39.88, -39.44, -39.11, -38.19, -38.20, -37.98, -37.49, -37.63, -36.62, -36.32, -36.25, -36.06, -35.52, -35.53, -36.38, -35.80, -35.71, -35.35, -35.22, -35.03, -35.54, -35.79, -35.27, -35.24, -35.37, -35.22, -35.00, -34.88, -34.75, -35.48, -34.87, -35.78, -35.28, -35.93, -35.32, -35.76, -35.78, -35.30, -35.72, -35.60, -36.24, -35.53, -36.09, -35.57, -35.03, -35.24, -35.49, -35.07, -35.58, -34.88, -35.59, -35.92, -34.95, -35.22, -35.23, -34.96, -34.16, -35.09, -35.02, -35.09, -34.85, -34.85, -35.01, -34.98, -35.17, -35.83, -34.88, -35.98, -35.11, -35.25, -35.10, -34.73, -35.56, -34.94, -35.43, -35.05, -35.55, -35.47, -36.10, -35.72, -35.73, -35.58, -35.52, -35.91, -35.49, -35.48, -35.63, -35.18, -35.79, -35.43, -35.13, -35.06, -35.66, -35.12, -35.66, -35.48, -35.39, -35.47, -35.22, -35.53, -35.20, -36.07, -36.08, -35.06, -35.90, -36.13, -35.95, -36.25, -36.30, -36.61, -37.11, -37.19, -36.91, -37.51, -37.63, -38.27, -39.22, -38.85, -39.49, -38.80, -38.82, -39.89, -40.75, -39.86, -39.86
2021-02-15, 13:59:07, 35000000, 37500000, 19531.25, 128, -40.72, -39.83, -39.98, -39.98, -39.15, -40.03, -39.66, -38.85, -38.38, -37.92, -37.87, -37.88, -38.18, -37.47, -36.52, -36.70, -37.00, -35.99, -36.08, -35.49, -36.22, -35.51, -35.23, -36.09, -35.52, -35.73, -35.08, -35.32, -35.77, -35.36, -35.16, -35.54, -35.86, -36.53, -35.67, -35.98, -35.62, -36.48, -36.16, -35.55, -35.33, -35.62, -36.05, -36.23, -36.76, -36.03, -36.73, -35.75, -35.48, -35.41, -35.93, -35.89, -35.61, -36.11, -35.69, -35.89, -35.30, -35.15, -35.68, -36.20, -36.19, -35.22, -35.82, -35.58, -35.20, -35.20, -35.45, -35.56, -35.06, -35.37, -35.25, -35.62, -35.39, -35.54, -35.39, -36.03, -36.12, -35.19, -35.75, -35.59, -36.16, -36.61, -35.91, -36.17, -36.60, -35.40, -36.10, -36.02, -35.38, -35.94, -36.06, -36.18, -35.94, -35.75, -35.45, -35.69, -35.39, -35.53, -35.75, -35.56, -36.12, -35.60, -35.42, -36.07, -35.90, -36.23, -35.89, -36.12, -35.74, -36.38, -36.08, -36.36, -37.00, -36.82, -37.81, -37.40, -38.05, -37.54, -38.22, -38.18, -38.82, -39.49, -39.02, -39.10, -39.91, -40.26, -40.00, -40.22, -40.22
2021-02-15, 13:59:07, 37500000, 40000000, 19531.25, 128, -40.38, -40.95, -40.32, -40.73, -40.27, -39.06, -39.15, -39.25, -39.25, -38.79, -38.28, -38.12, -37.86, -36.95, -36.79, -37.42, -36.56, -36.38, -36.88, -36.70, -35.73, -36.30, -36.15, -36.44, -35.92, -35.98, -35.99, -35.46, -35.98, -35.60, -36.01, -35.56, -36.29, -36.70, -36.02, -36.12, -36.49, -36.09, -35.97, -35.57, -36.67, -35.61, -36.16, -36.12, -36.45, -35.85, -36.01, -35.71, -35.79, -36.32, -35.72, -35.90, -35.56, -36.10, -35.69, -35.32, -35.54, -35.78, -35.75, -36.19, -35.98, -35.36, -35.63, -35.35, -36.20, -36.20, -35.74, -35.60, -36.22, -35.90, -35.12, -35.95, -35.39, -35.08, -36.51, -36.31, -36.48, -36.15, -36.28, -36.24, -36.37, -36.04, -35.94, -36.87, -36.47, -36.16, -36.40, -36.45, -36.00, -36.37, -36.56, -36.41, -36.18, -36.09, -36.23, -35.68, -35.88, -36.49, -36.07, -36.15, -36.34, -36.47, -36.03, -36.32, -35.76, -35.82, -36.40, -36.61, -36.60, -36.51, -36.75, -36.95, -36.77, -36.81, -37.49, -37.16, -37.72, -38.24, -38.32, -38.78, -38.77, -39.90, -39.85, -40.62, -40.17, -40.80, -41.03, -40.67, -40.67
2021-02-15, 13:59:07, 40000000, 42500000, 19531.25, 128, -41.12, -40.99, -41.00, -40.27, -40.51, -40.00, -39.89, -39.44, -39.01, -38.79, -38.46, -38.40, -37.42, -38.32, -37.05, -37.13, -37.25, -36.23, -37.24, -36.08, -36.25, -35.66, -37.05, -36.00, -36.15, -36.17, -35.65, -36.34, -36.56, -36.18, -35.76, -36.30, -36.31, -35.97, -36.35, -36.05, -36.33, -36.64, -37.00, -36.88, -36.96, -36.14, -36.93, -36.24, -37.07, -36.50, -35.76, -35.88, -36.51, -35.46, -36.99, -36.93, -36.89, -36.44, -36.37, -36.24, -36.49, -36.30, -35.54, -35.67, -36.09, -35.69, -36.17, -35.95, -36.64, -36.64, -36.53, -35.82, -36.76, -35.46, -36.91, -36.27, -36.41, -35.63, -37.06, -36.14, -36.21, -36.40, -36.78, -36.52, -36.62, -36.21, -36.68, -36.74, -36.25, -36.30, -36.72, -36.88, -36.41, -35.71, -36.44, -36.29, -36.06, -36.11, -36.25, -36.28, -36.23, -36.49, -36.68, -36.55, -35.94, -36.08, -36.42, -36.74, -37.02, -36.00, -35.96, -36.76, -36.65, -36.73, -36.35, -37.35, -37.86, -37.31, -38.02, -38.13, -38.50, -38.67, -38.54, -39.73, -39.18, -39.56, -39.17, -39.99, -40.32, -40.47, -40.59, -40.82, -40.82
2021-02-15, 13:59:07, 42500000, 45000000, 19531.25, 128, -40.31, -40.96, -40.54, -40.97, -40.67, -39.99, -39.32, -39.29, -38.92, -38.74, -39.20, -38.57, -38.22, -37.88, -37.54, -37.52, -37.99, -35.91, -36.55, -36.51, -36.64, -36.76, -36.45, -37.27, -37.10, -36.80, -36.59, -36.00, -36.57, -36.62, -36.66, -36.10, -36.80, -36.42, -36.37, -36.54, -36.30, -36.98, -36.86, -36.48, -36.71, -36.78, -36.77, -37.59, -36.46, -36.61, -36.78, -36.42, -36.81, -36.17, -36.62, -36.00, -36.40, -36.71, -36.35, -35.82, -36.67, -36.15, -36.70, -35.92, -36.13, -35.72, -36.29, -36.25, -35.71, -35.71, -36.16, -36.44, -36.22, -36.53, -36.74, -36.23, -36.16, -36.04, -36.58, -36.66, -36.31, -36.27, -36.39, -36.81, -36.99, -36.43, -36.81, -36.87, -37.07, -36.70, -37.82, -37.14, -37.17, -37.69, -36.48, -36.90, -37.22, -37.00, -36.17, -36.75, -36.69, -36.66, -37.18, -36.75, -36.26, -37.17, -37.12, -36.53, -36.17, -37.19, -37.18, -36.90, -36.90, -36.90, -36.73, -37.43, -38.02, -37.49, -38.34, -38.33, -38.13, -38.40, -38.26, -38.96, -39.58, -40.71, -40.24, -40.16, -40.68, -40.30, -40.63, -40.94, -40.94
2021-02-15, 13:59:07, 45000000, 47500000, 19531.25, 128, -40.60, -40.82, -40.59, -40.66, -40.63, -40.17, -39.48, -39.88, -39.43, -39.19, -38.91, -39.13, -38.42, -38.43, -38.05, -38.47, -37.23, -37.68, -36.75, -36.94, -37.31, -36.62, -36.22, -36.70, -37.10, -36.67, -36.50, -36.26, -36.00, -36.65, -36.60, -36.44, -36.60, -36.85, -37.27, -36.25, -36.50, -37.37, -36.92, -36.72, -38.62, -36.54, -37.11, -36.96, -36.43, -36.17, -36.91, -37.87, -37.03, -37.35, -36.62, -36.58, -36.69, -37.32, -36.68, -36.43, -36.98, -37.54, -36.39, -36.89, -36.89, -36.43, -36.33, -36.69, -36.79, -36.79, -37.09, -37.29, -36.46, -36.82, -37.40, -36.45, -36.01, -36.46, -37.07, -36.64, -37.39, -37.37, -36.46, -37.00, -36.96, -36.86, -37.03, -36.41, -36.64, -36.50, -36.83, -36.95, -37.14, -37.05, -36.87, -36.86, -36.27, -36.57, -36.82, -36.89, -37.30, -36.31, -36.42, -37.22, -37.07, -36.66, -36.90, -36.92, -37.02, -36.89, -37.17, -37.22, -36.95, -36.69, -37.35, -37.72, -38.04, -38.20, -37.91, -37.96, -38.71, -38.17, -38.68, -39.31, -39.89, -40.09, -40.16, -40.89, -41.28, -41.39, -40.72, -41.03, -41.03
2021-02-15, 13:59:07, 47500000, 50000000, 19531.25, 128, -41.39, -41.25, -41.07, -41.24, -40.56, -40.14, -39.94, -40.14, -39.03, -39.79, -38.49, -38.47, -38.51, -38.49, -37.68, -37.91, -37.70, -36.82, -36.53, -36.68, -36.89, -36.99, -36.97, -36.47, -36.18, -36.71, -36.74, -36.74, -36.27, -36.67, -36.97, -36.85, -37.16, -37.32, -35.94, -36.81, -37.06, -37.31, -37.11, -36.81, -37.02, -36.78, -37.45, -36.94, -37.34, -36.82, -37.23, -37.15, -37.01, -36.89, -36.23, -36.58, -37.07, -36.94, -36.33, -36.50, -36.42, -36.23, -36.39, -36.81, -36.35, -36.53, -36.39, -37.31, -36.77, -36.77, -36.14, -36.49, -37.01, -37.09, -36.65, -36.57, -36.87, -36.66, -36.14, -36.94, -37.23, -37.22, -37.15, -37.53, -37.54, -36.94, -37.22, -37.26, -37.01, -37.15, -37.13, -36.39, -37.88, -36.72, -36.46, -36.83, -37.37, -37.66, -37.71, -37.01, -36.18, -36.76, -37.41, -37.11, -36.59, -36.97, -37.05, -37.11, -37.42, -36.07, -36.62, -37.66, -37.16, -37.15, -37.92, -38.00, -38.21, -38.22, -38.49, -38.44, -39.16, -39.41, -38.82, -39.00, -39.33, -40.06, -40.15, -40.34, -41.18, -40.55, -41.26, -41.78, -41.78
